Time_exp,Angle_exp,Y_Position_exp,Angular_Velocity_exp,Time_theo,Angle_theo,Y_Position_theo,Angular_Velocity_theo
0.0,0.546082346363355,-0.8488560939475109,-0.20874841784496054,0.0,0.5235987755982988,-0.8660254037844387,0.0
0.02004008016032064,0.5418990113364018,-0.8517508535583938,-0.08072872358400751,0.02004008016032064,0.5226157800282073,-0.8665164830787245,-0.0980423410360145
0.04008016032064128,0.5428467261796271,-0.8576118592616473,0.010906141769840616,0.04008016032064128,0.5196727656236402,-0.8679817294727283,-0.1955543706775468
0.06012024048096192,0.5423361312470167,-0.8636455345200197,-0.3996076144317815,0.06012024048096192,0.5147836917163047,-0.8703992413049078,-0.2922038191746241
0.08016032064128256,0.5268303889278524,-0.8603247120403718,-0.598332770637299,0.08016032064128256,0.5079691622556265,-0.8737341160128712,-0.38765980175573317
0.1002004008016032,0.5183548578747803,-0.8660874034931466,-0.2385142604115451,0.1002004008016032,0.49925639744861294,-0.8779388212838987,-0.4815929732863745
0.12024048096192384,0.5172706991317985,-0.868573659806192,-0.4212897558731328,0.12024048096192384,0.48867919938276316,-0.8829536917719534,-0.5736757693978579
0.1402805611222445,0.5014694969179413,-0.8755393666960163,-0.8790485799727179,0.1402805611222445,0.4762779156399127,-0.888707555690042,-0.6635827572038477
0.16032064128256512,0.4820382911168599,-0.8797134275946064,-0.7243527540262757,0.16032064128256512,0.46209938674539214,-0.8951185047975208,-0.7509912383806462
0.18036072144288576,0.4724373224078701,-0.8943691905439786,-0.7638202662862241,0.18036072144288576,0.4461968897315434,-0.9020948083872145,-0.8355819313626515
0.2004008016032064,0.4514242523879532,-0.8922264794430784,-0.9539678096921023,0.2004008016032064,0.4286300566580321,-0.9095359859282818,-0.9170399438821485
0.22044088176352705,0.4342021396546796,-0.9052358918242095,-0.7990224393727843,0.22044088176352705,0.4094647753452152,-0.9173340369846807,-0.9950559268116238
0.24048096192384769,0.4193993049181022,-0.9034493919499534,-1.121573234082394,0.24048096192384769,0.3887730711965639,-0.9253748276997055,-1.069327377670335
0.2605210420841683,0.3892493046213171,-0.9249674729341342,-1.2353967566027233,0.2605210420841683,0.36663294172830385,-0.9335396386062583,-1.1395602858424767
0.280561122244489,0.36988440485386476,-0.9205368287386481,-0.865536583759102,0.280561122244489,0.34312818907171194,-0.9417068438619063,-1.2054707468448282
0.3006012024048096,0.35455845958087223,-0.9358305491267249,-0.9842515298402379,0.3006012024048096,0.3183481730578794,-0.9497537323566321,-1.2667869895276211
0.32064128256513025,0.3304354457420315,-0.9475030282753972,-0.9976919694782245,0.32064128256513025,0.29238757836190343,-0.9575584115682652,-1.323251248906558
0.3406813627254509,0.31457080549356864,-0.9538336717846883,-1.1228588285588685,0.3406813627254509,0.2653460794426685,-0.9650018016745517,-1.3746219977047431
0.3607214428857715,0.2854310838759446,-0.9598538458641529,-1.3751657094024834,0.3607214428857715,0.2373280287819755,-0.9719696412747739,-1.4206759533935285
0.3807615230460922,0.2594539433932687,-0.962573649556665,-0.882489734723868,0.3807615230460922,0.20844203558278618,-0.9783545007350829,-1.4612103016960412
0.4008016032064128,0.2500607538268918,-0.9680706471215641,-1.0444444136858229,0.4008016032064128,0.17880056651680548,-0.9840577191027878,-1.496044658771239
0.42084168336673344,0.21759244384674264,-0.9790441961609702,-1.3758365450593715,0.42084168336673344,0.14851944986320875,-0.9889912447955905,-1.5250230562044067
0.4408817635270541,0.19491700452591493,-0.9812508609942183,-1.3551349720879253,0.4408817635270541,0.11771738867460306,-0.9930793056352462,-1.548015646249871
0.4609218436873747,0.16327841690935094,-0.974805297410429,-1.28133013872166,0.4609218436873747,0.08651540949421524,-0.9962598757097229,-1.5649202383565275
0.48096192384769537,0.1435610871422813,-0.9806819917666562,-1.0082603092290512,0.48096192384769537,0.05503629811607787,-0.9984858851897984,-1.575663533881228
0.501002004008016,0.12286718207051125,-0.9903475202409883,-1.2658989857204133,0.501002004008016,0.02340401786077083,-0.9997261384749218,-1.580202052604756
0.5210420841683366,0.09282365284486993,-0.9949550438753285,-1.1432844577582268,0.5210420841683366,-0.00825691186149995,-0.999965911896924,-1.5785227226845053
0.5410821643286573,0.07704415771146404,-0.996576234368119,-1.0896202162099975,0.5410821643286573,-0.039822000607143415,-0.9992072089089262,-1.5706431049508849
0.561122244488978,0.04915149989056137,-0.9955726623817558,-1.2195494604638994,0.561122244488978,-0.07116743573924658,-0.9974686667079938,-1.5566112409193116
0.5811623246492986,0.02816441981711933,-1.0046752371462833,-1.1106899629255877,0.5811623246492986,-0.10217064609016142,-0.9947851183508316,-1.5365051585853577
0.6012024048096192,0.00463486810997679,-1.0012576720385968,-0.8138164132038488,0.6012024048096192,-0.13271094230356686,-0.9912068198688744,-1.510431985477686
0.6212424849699398,-0.004453472495660046,-1.008248873104283,-0.975290466250199,0.6212424849699398,-0.1626700382487142,-0.9867983791546667,-1.4785267920844478
0.6412825651302605,-0.03445493013652421,-0.9974126944942057,-1.375981140038232,0.6412825651302605,-0.19193264815936226,-0.9816374035931015,-1.4409510779357133
0.6613226452905812,-0.059603017186571204,-0.9952893524643516,-0.8700841305162671,0.6613226452905812,-0.2203869483079424,-0.9758129326892484,-1.3978910800241426
0.6813627254509018,-0.069328041580062,-0.9997203711254381,-0.9535194301214422,0.6813627254509018,-0.24792510278016278,-0.969423673450151,-1.3495558099817888
0.7014028056112224,-0.09782022881468495,-0.9879271003444716,-0.9661233457668266,0.7014028056112224,-0.2744436533634372,-0.9625761228998089,-1.296175010703418
0.721442885771543,-0.10805042016791058,-1.0001838970936152,-0.9359875743573771,0.721442885771543,-0.29984395514906853,-0.955382591900795,-1.2379969625832838
0.7414829659318637,-0.13533476085305682,-0.9994525220852587,-0.9879185594831239,0.7414829659318637,-0.32403248905972115,-0.947959217573073,-1.1752862904372199
0.7615230460921844,-0.1476463544157312,-0.9889529366294578,-0.4778431601615254,0.7615230460921844,-0.3469211989960768,-0.9404239731325685,-1.1083217639650724
0.781563126252505,-0.15448679132045265,-0.982703201548967,-0.43834518824485214,0.781563126252505,-0.36842772738346036,-0.9328947510376225,-1.0373941528643331
0.8016032064128256,-0.1652152998363665,-0.9773493496427709,-0.6474630780664303,0.8016032064128256,-0.38847565605450707,-0.9254875229711633,-0.9628042124158518
0.8216432865731462,-0.180437215291051,-0.9859056159849569,-0.6980282561017077,0.8216432865731462,-0.4069946715766751,-0.9183146312424544,-0.8848607538862634
0.8416833667334669,-0.19319238424926063,-0.9761137720045926,-0.5969191336262378,0.8416833667334669,-0.42392071898888584,-0.9114832122473181,-0.8038789545434829
0.8617234468937875,-0.20436182986524892,-0.9796876615474011,-0.6540329029418892,0.8617234468937875,-0.43919610913072915,-0.9050937796863311,-0.7201787566621497
0.8817635270541082,-0.21940612785414598,-0.9784723311748473,-0.482046801809922,0.8817635270541082,-0.4527695993704344,-0.899238970104476,-0.6340835788138198
0.9018036072144289,-0.223682342963843,-0.9714610066061521,-0.24859716247639518,0.9018036072144289,-0.4645964570849689,-0.8940024506682435,-0.5459190962140218
0.9218436873747494,-0.2293699419814564,-0.9710693064588188,-0.09985436439029716,0.9218436873747494,-0.4746384855228191,-0.8894579979771531,-0.4560123636719676
0.9418837675350701,-0.2276845218973218,-0.9808669385249762,-0.16753747525177953,0.9418837675350701,-0.4828640553564383,-0.8856687255419099,-0.3646909733663814
0.9619238476953907,-0.2360848708492632,-0.9644751700046402,-0.5665991281047118,0.9619238476953907,-0.48924809686238085,-0.8826864742416355,-0.27228253616507003
0.9819639278557114,-0.2503939057892942,-0.9640610454721625,-0.16489803841974915,0.9819639278557114,-0.4937721063958807,-0.8805513346416637,-0.17911417336859836
1.002004008016032,-0.24269401066568613,-0.9734311996974523,0.0608245499189648,1.002004008016032,-0.4964241256274555,-0.8792913129694583,-0.08551223963763488
1.0220440881763526,-0.2479560480771113,-0.9679078046599303,-0.18566916040974846,1.0220440881763526,-0.4971987276414041,-0.8789221183946393,0.008197920565950173
1.0420841683366733,-0.2501356603815077,-0.9672409586073769,0.11257379762355857,1.0420841683366733,-0.4960969941846393,-0.8794470735062909,0.10169214973003739
1.062124248496994,-0.24344407222045564,-0.968468431663767,0.24890584926558645,1.062124248496994,-0.4931264894248794,-0.8808571417746763,0.19464758084649836
1.0821643286573146,-0.24015947403819762,-0.9728125256856681,0.1217827896559811,1.0821643286573146,-0.48830123428895894,-0.8831310682271942,0.2867428121978748
1.1022044088176353,-0.238562998486749,-0.9739257996695966,-0.10700036473041674,1.1022044088176353,-0.4816416740147455,-0.8862356369798797,0.37765806854873174
1.122244488977956,-0.24444806581095982,-0.9714058184923172,0.01416430813370173,1.122244488977956,-0.47317464471567655,-0.8901260447843242,0.4670754378106842
1.1422845691382766,-0.23799529074591927,-0.9663122323100601,0.35564145330215613,1.1422845691382766,-0.4629333305884212,-0.8947463978242172,0.5546792531403798
1.1623246492985972,-0.23019389934594353,-0.9705249201205672,0.4086093778049733,1.1623246492985972,-0.4509572170837558,-0.9000303334523169,0.6401565169969994
1.1823647294589177,-0.22161816137497853,-0.9763123463073132,0.1838614435252346,1.1823647294589177,-0.4372920297846022,-0.9059017758788207,0.7231975479617548
1.2024048096192383,-0.22282470321266773,-0.9719452821971328,0.17456891647460449,1.2024048096192383,-0.42198965937397204,-0.9122758290975548,0.8034967596366602
1.222444889779559,-0.21462141121567574,-0.9914970931894082,0.2734261795391628,1.222444889779559,-0.4051080756150792,-0.9190598079782643,0.880753569906619
1.2424849699398797,-0.2118657381008776,-0.9730447134057801,0.25554607746826097,1.2424849699398797,-0.38671120605284043,-0.9261544169814502,0.9546736019985859
1.2625250501002003,-0.2043790834614368,-0.9890821473216388,0.6486009439395515,1.2625250501002003,-0.3668688131807541,-0.9334550588108569,1.0249698916930687
1.282565130260521,-0.18586970828366112,-0.9838292162610488,0.7528776618336499,1.282565130260521,-0.34565631422585075,-0.9408532866486868,1.0913644541740508
1.3026052104208417,-0.17420362607331452,-0.9892652521659352,0.34694820108124613,1.3026052104208417,-0.3231546034152957,-0.9482383638168608,1.1535898083973353
1.3226452905811623,-0.17196396876136666,-0.9917855520291257,0.4337064142124052,1.3226452905811623,-0.29944980785473296,-0.9554989374182579,1.2113907850519798
1.342685370741483,-0.15682060345959087,-0.9811286120176717,0.5497858651637335,1.342685370741483,-0.2746330344492481,-0.9625247811954007,1.2645263255344596
1.3627254509018036,-0.14992846314358171,-0.9908485723144596,0.3055703068533142,1.3627254509018036,-0.24880006273639022,-0.9692085933253591,1.3127713745296334
1.3827655310621243,-0.14457329657168247,-0.9882945156532378,0.5243397244543502,1.3827655310621243,-0.22205100291826688,-0.9754478074399057,1.3559188223370637
1.4028056112224447,-0.1289128429249707,-0.9917029263602023,0.8074454015920662,1.4028056112224447,-0.1944899275465738,-0.9811463768956715,1.3937813265516918
1.4228456913827654,-0.112210755425708,-0.9904352857461903,0.49389419834136916,1.4228456913827654,-0.16622443870485928,-0.9862164990413365,1.4261931983051155
1.442885771543086,-0.10911748427401402,-0.9936879740248977,0.5527771244936539,1.442885771543086,-0.13736524317330287,-0.9905802209514044,1.4530119958995618
1.4629258517034067,-0.09005535965441924,-1.0016286760799153,0.23082718230205979,1.4629258517034067,-0.10802563760442037,-0.9941709026919893,1.4741201353376374
1.4829659318637274,-0.09986589380098557,-0.9912567561868546,0.46198145249208955,1.4829659318637274,-0.07832103676906835,-0.996934475121795,1.4894261032668534
1.503006012024048,-0.07153906897337355,-0.999608793272142,0.8915908603964366,1.503006012024048,-0.048368394815015474,-0.9988304772265515,1.4988655943767826
1.5230460921843687,-0.06413078917587785,-1.0056992477423818,0.41124356340352697,1.5230460921843687,-0.01828570127289786,-0.9998328212228108,1.5024022141912734
1.5430861723446894,-0.05505636102132836,-1.0007065109642364,0.5467742097795154,1.5430861723446894,0.011808635798634576,-0.9999302788704754,1.5000280022214691
1.56312625250501,-0.04221599118872289,-0.9915857701605847,0.3286760507430173,1.56312625250501,0.0417963081354164,-0.9991266614627714,1.491763538582178
1.5831663326653307,-0.04188297221399299,-0.9952386890897174,0.4917234961809407,1.5831663326653307,0.07155973106907189,-0.997440694864118,1.477657792431283
1.6032064128256511,-0.022507634628364852,-1.0015140908936424,0.8125260167682338,1.6032064128256511,0.10098255677647144,-0.9949055929964274,1.4577876051258374
1.6232464929859718,-0.009316799197230328,-1.0016846579330596,0.7195458763451817,1.6232464929859718,0.12995027335566,-0.9915683387597528,1.4322568915924037
1.6432865731462925,0.006331879453606392,-1.0016076160070204,0.38471097170191004,1.6432865731462925,0.15835069278489294,-0.987488705189587,1.4011955413962065
1.6633266533066131,0.006102478225691933,-0.989578468986129,0.1933227170288703,1.6633266533066131,0.18607449717895203,-0.9827380332152973,1.3647580805959199
1.6833667334669338,0.01408028494574549,-0.9979261101459066,0.4638426230879419,1.6833667334669338,0.2130156848243451,-0.9773978190437779,1.323122091080218
1.7034068136272544,0.02469336492260345,-0.9974798360913615,0.6587768195046446,1.7034068136272544,0.23907204053717135,-0.971558135008113,1.2764865008731863
1.723446893787575,0.04048416548701384,-0.9942039901052361,0.5280788972532354,1.723446893787575,0.2641455259468845,-0.9653159432085039,1.2250696738294888
1.7434869739478958,0.045858851786460604,-0.9978287260737411,0.2238653490337683,1.7434869739478958,0.28814266270854594,-0.9587733321112543,1.1691075161657551
1.7635270541082164,0.0494567245665236,-0.9999380249342079,0.40587944605375426,1.7635270541082164,0.31097485599510166,-0.9520357291699107,1.1088514215472831
1.783567134268537,0.062126565055148165,-0.999208563151712,0.4389177094627472,1.783567134268537,0.3325586889183967,-0.9452101223118399,1.0445663729812122
1.8036072144288577,0.06704861672935918,-0.9981434923990913,0.39464531872888475,1.8036072144288577,0.3528161752685215,-0.9384033287924516,0.9765289279159957
1.8236472945891782,0.07794401269959231,-0.9975154381943035,0.2146324448076551,1.8236472945891782,0.37167496954738743,-0.93172034322025,0.9050254683797868
1.8436873747494988,0.07565111952726099,-0.9932302257250288,0.1285766960364081,1.8436873747494988,0.38906855290486153,-0.9252627839783751,0.8303503789805103
1.8637274549098195,0.0830973872902299,-0.9961523488967149,0.304512566409773,1.8637274549098195,0.4049363676753191,-0.9191274676346919,0.7528045582313131
1.8837675350701402,0.08785603200861462,-0.9923060020440682,0.09940131111136497,1.8837675350701402,0.4192239458981175,-0.9134051094942823,0.6726938921765704
1.9038076152304608,0.08708140777565536,-0.9959513066725499,0.30200863239161047,1.9038076152304608,0.4318829813830394,-0.90817917875605,0.5903280893964814
1.9238476953907815,0.09996058641308801,-0.9947615881048089,0.40624927708410574,1.9238476953907815,0.4428714116376861,-0.9035248875253574,0.506019497705403
1.9438877755511021,0.10336394393133096,-1.0047875365596781,0.1297667309645152,1.9438877755511021,0.4521534443953893,-0.8995083411538848,0.42008226984240454
1.9639278557114228,0.1051616577944313,-0.9898966519045307,0.07929962630891119,1.9639278557114228,0.459699601368767,-0.8961858184975988,0.33283152240074915
1.9839679358717435,0.10654228566715908,-0.9924718801483061,-0.060819267240488806,1.9839679358717435,0.46548671867752855,-0.8936032039914851,0.24458278024343882
2.004008016032064,0.10272401181284867,-0.9889878883443304,0.06871431479589507,2.004008016032064,0.4694979582787034,-0.8917955436379821,0.15565144436745929
2.024048096192385,0.10929636642050179,-1.0082827564420636,0.20164769773138191,2.024048096192385,0.47172279740905826,-0.8907867341614455,0.06635241351939379
2.0440881763527052,0.11080608386621077,-0.9832344659745477,-0.003414126828363173,2.0440881763527052,0.47215701570438184,-0.890589332016444,-0.02300021124228972
2.064128256513026,0.10915952766986593,-0.9943009521691704,0.0437179413294011,2.064128256513026,0.4708026781746049,-0.8912044790822583,-0.11209342487259322
2.0841683366733466,0.11255830596358143,-0.9880401832303402,0.14906745367592134,2.0841683366733466,0.46766810862318087,-0.8926219448146765,-0.20061551973172248
2.1042084168336674,0.11513417511178664,-0.99880896826215,0.23216537311375873,2.1042084168336674,0.4627678630470931,-0.8948202791779963,-0.28825636064170757
2.124248496993988,0.1218635313388823,-0.9906222409071028,-0.07298193986332935,2.124248496993988,0.45612269384737925,-0.8977670805436745,-0.3747076740336944
2.1442885771543083,0.11220904726155304,-0.9990756073755646,-0.2678301332679536,2.1442885771543083,0.4477595106281488,-0.9014193771657305,-0.45966336853906953
2.164328657314629,0.11112885665880419,-0.9970923734680177,-0.11517572282125288,2.164328657314629,0.43771133064958817,-0.905724127420842,-0.5428200139452057
2.1843687374749496,0.10759278582583152,-0.9846072801182298,-0.3741578122171423,2.1843687374749496,0.42601722123567437,-0.910618840227634,-0.6238773572975548
2.2044088176352705,0.09613255155992054,-0.995369579650255,-0.11428859814082504,2.2044088176352705,0.41272223057007196,-0.9160323194808127,-0.7025390009063625
2.224448897795591,0.10301208048952548,-0.9935981405833112,0.10999140539069208,2.224448897795591,0.39787729810365213,-0.9218855373490997,-0.7785132493677773
2.244488977955912,0.10054102472187193,-0.990629850590595,0.15810756123511505,2.244488977955912,0.3815391592273624,-0.9280926301305988,-0.8515140070314621
2.2645290581162323,0.10934905689173424,-0.9928175964865966,-0.1985500927716939,2.2645290581162323,0.363770210432171,-0.9345620271965456,-0.9212619729706862
2.284569138276553,0.09258310517190367,-0.9948757700289893,-0.4501845564686149,2.284569138276553,0.34463837454611485,-0.9411976915971448,-0.9874858109655502
2.3046092184368736,0.09130558769459501,-0.9941460765104974,-0.17322408866489925,2.3046092184368736,0.3242169140175957,-0.9479004820626166,-1.049923614441539
2.3246492985971945,0.08564025592681745,-0.9843031756433918,-0.38756707216126074,2.3246492985971945,0.302584237262048,-0.9545696056443186,-1.1083243721867486
2.344689378757515,0.0757718373073702,-0.9969594196253856,-0.06740185091740525,2.344689378757515,0.27982365952105503,-0.9611041560554725,-1.1624495852579233
2.3647294589178354,0.08293877893613992,-0.9960141619197215,0.016283047464787703,2.3647294589178354,0.2560231331116593,-0.9674047086281794,-1.2120749695898423
2.3847695390781563,0.0764244644602672,-0.9921078029632412,-0.2750820667109921,2.3847695390781563,0.2312749557276406,-0.9733749424815662,-1.2569921068628531
2.4048096192384767,0.07191344560102995,-0.9921640945961344,-0.44520092379380816,2.4048096192384767,0.20567541689637658,-0.978923268512692,-1.2970102407343107
2.4248496993987976,0.05858074005971356,-0.9920729582719929,-0.16726768327226593,2.4248496993987976,0.17932445345671533,-0.9839644110934099,-1.3319578418225113
2.444889779559118,0.06520933003901483,-0.9951134768669795,-0.3095436873232067,2.444889779559118,0.15232521473216534,-0.9884209295466853,-1.3616843096442548
2.464929859719439,0.04617417944555641,-1.0043011190110773,-0.3533259296855267,2.464929859719439,0.12478366794611569,-0.9922246151530536,-1.3860613218268514
2.4849699398797593,0.05104797013177874,-0.9906756022822427,0.19424974541800255,2.4849699398797593,0.09680809333416453,-0.9953177550046707,-1.4049842499586325
2.50501002004008,0.05395974038415367,-1.004807048600444,-0.4519695909413608,2.50501002004008,0.06850864715085109,-0.9976542003362638,-1.418373163190159
2.5250501002004007,0.032932956466794845,-0.9977692477223629,-0.5993662775766111,2.5250501002004007,0.03999680522576863,-0.9992002344127732,-1.4261737941280175
2.5450901803607215,0.029937043888097495,-1.0032345389276112,-0.1187334844562088,2.5450901803607215,0.011384896111411448,-0.9999351927702744,-1.4283580862736047
2.565130260521042,0.02817409937436159,-0.9999377400470639,-0.2452041648430825,2.565130260521042,-0.017214482770873743,-0.9998518344504486,-1.4249245995042656
2.5851703406813624,0.020109221649897896,-0.9981002173574046,-0.4562935628441718,2.5851703406813624,-0.045688945775813956,-0.9989564416698046,-1.4158985292501192
2.6052104208416833,0.009885780222290516,-0.9982376490781708,-0.1755369619473136,2.6052104208416833,-0.07392690296778479,-0.9972686507932998,-1.4013315109223203
2.6252505010020037,0.013073672072850952,-0.9978093599608183,-0.18160427087339787,2.6252505010020037,-0.10181803633116955,-0.9948210202281402,-1.3813010919101292
2.6452905811623246,0.0026070519307712535,-0.9919000919391529,-0.18681669009035948,2.6452905811623246,-0.12925385681329585,-0.9916583433221502,-1.355909968272222
2.665330661322645,0.005586029183457479,-0.997727150519193,-0.21356949811327067,2.665330661322645,-0.15612815800294466,-0.9878367369256056,-1.3252849490355008
2.685370741482966,-0.005952847793207861,-1.0012198641792571,-0.09044812351531116,2.685370741482966,-0.18233752229673586,-0.983422519684661,-1.2895757252745546
2.7054108216432864,0.001960853892262208,-0.9951628089976602,-0.2003882070886019,2.7054108216432864,-0.20778173617643575,-0.9784909271047723,-1.248953417962567
2.7254509018036073,-0.013984439259685427,-0.9940019639317756,-0.44293495800572047,2.7254509018036073,-0.2323642274919428,-0.9731246835910454,-1.2036090258267909
2.7454909819639277,-0.015792050236223914,-1.0060374798487208,-0.001657946195279314,2.7454909819639277,-0.25599242879596085,-0.9674124835895239,-1.1537516933169398
2.7655310621242486,-0.014050890008995141,-0.9968488645529845,-0.3051537457458127,2.7655310621242486,-0.2785781370119435,-0.9614474065665894,-1.0996069980012786
2.785571142284569,-0.02802266128815996,-0.9962550336766479,-0.2553415489327892,2.785571142284569,-0.3000378152484711,-0.9553253132725033,-1.0414150999195078
2.8056112224448895,-0.0242850202267421,-1.0011646877458982,0.1443592525871522,2.8056112224448895,-0.32029287304756443,-0.9491432493063341,-0.979429023404528
2.8256513026052104,-0.022236719300698978,-0.9927075680360606,-0.3908197673568792,2.8256513026052104,-0.33926990412762764,-0.9429978917932229,-0.9139128442216744
2.845691382765531,-0.03994913915888112,-1.0002411421122737,-0.2912755183677632,2.845691382765531,-0.3569008901551846,-0.9369840640763376,-0.8451400994807421
2.8657314629258517,-0.033911088774356314,-0.9987654663126848,0.09265003439025232,2.8657314629258517,-0.37312337867758133,-0.9311933378593742,-0.7733921393446674
2.885771543086172,-0.036235710926806684,-1.0001609990235891,-0.05464578829878575,2.885771543086172,-0.38788061744703695,-0.9257127467036005,-0.6989567640217602
2.905811623246493,-0.03610130073021942,-0.9991217948763981,-0.3045460601481863,2.905811623246493,-0.40112168092494344,-0.9206236115433712,-0.6221268240793667
2.9258517034068134,-0.04844196584256539,-1.0045886722907365,-0.36862515970985377,2.9258517034068134,-0.41280154628559834,-0.9160005027120471,-0.5431991378939477
2.9458917835671343,-0.05087585622961216,-1.0062203398531995,0.12457955718451963,2.9458917835671343,-0.4228811774134948,-0.9119103218735453,-0.46247337941266997
2.9659318637274548,-0.04344879721793554,-0.9909669692386657,0.11848344530448962,2.9659318637274548,-0.43132755755262886,-0.908411528870592,-0.38025127856657526
2.9859719438877756,-0.04612702074646651,-1.0031015722319463,-0.10562488241086831,2.9859719438877756,-0.4381137371271535,-0.9055534869954293,-0.2968357966178763
3.006012024048096,-0.047682259438812054,-1.003759897059525,-0.054123718087995876,3.006012024048096,-0.44321884035099096,-0.9033759474185271,-0.21253055853531147
3.0260521042084165,-0.048296308044582556,-1.009515783696064,-0.16501494687795404,3.0260521042084165,-0.4466280808960664,-0.9019086492032131,-0.12763929055510925
3.0460921843687374,-0.054296084964982685,-1.0018998888633412,-0.05196402554176349,3.0460921843687374,-0.4483327556545538,-0.9011710443561327,-0.042465389684173786
3.066132264529058,-0.050379034519202545,-1.0052875415439142,0.09470426015711486,3.066132264529058,-0.4483302346869817,-0.9011721371011121,0.04268843723822376
3.0861723446893787,-0.050500323034837896,-0.9904400117896648,-0.13397311586038518,3.0861723446893787,-0.4466239453748677,-0.9019104354380721,0.12752055080223884
3.106212424849699,-0.05574869848154252,-0.993590006737224,0.190857505552132,3.106212424849699,-0.44322334580622175,-0.9033740152471144,0.21173066808317553
3.12625250501002,-0.04285072361391035,-1.0020797054509414,0.15314429248825556,3.12625250501002,-0.4381438959420797,-0.9055406922459494,0.29502022707575326
3.1462925851703405,-0.049610650686421606,-0.9873871745249624,-0.3665194923860251,3.1462925851703405,-0.43140701787757035,-0.9083783054574761,0.37709276920312546
3.1663326653306614,-0.057540883629382346,-0.9937609941502531,0.04722634512343227,3.1663326653306614,-0.42304005114688276,-0.9118451102486285,0.457654344785072
3.186372745490982,-0.04771781120251689,-1.000323909247587,0.06065810035218422,3.186372745490982,-0.41307619547258195,-0.9158902851965159,0.5364140730017279
3.2064128256513023,-0.05510969724252129,-1.0112354515656128,0.05871805219492576,3.2064128256513023,-0.4015544447251533,-0.9204545521797008,0.6130847204008824
3.226452905811623,-0.045364382256828116,-0.9873302978498497,0.3169353092849172,3.226452905811623,-0.38851950737482005,-0.9254709121617942,0.6873834342549979
3.2464929859719436,-0.04240687923510961,-1.0057864740935574,-0.14183005702403428,3.2464929859719436,-0.37402170631350246,-0.9308654986828047,0.7590326147458635
3.2665330661322645,-0.051048953680637374,-1.0071252541382558,0.04185263489115876,3.2665330661322645,-0.3581168722920432,-0.9365585412312271,0.8277608251479405
3.286573146292585,-0.040729418918831105,-0.9938500944341315,0.22707035846571944,3.286573146292585,-0.3408661976362054,-0.9424654461599409,0.8933039693676663
3.306613226452906,-0.0419479373092661,-0.9868328731814185,0.06206573127985271,3.306613226452906,-0.32233609183933276,-0.9484979722337002,0.9554064160357936
3.3266533066132262,-0.03824181445871687,-0.9921819191228927,0.2708230336135591,3.3266533066132262,-0.302597983330105,-0.9545655093903479,1.0138224060544818
3.346693386773547,-0.031093306703512152,-0.9963573098664225,-0.04198392727667155,3.346693386773547,-0.2817281217307339,-0.9605764272968925,1.0683174011258574
3.3667334669338675,-0.03992453699485565,-0.9962775697411221,-0.23450130642362765,3.3667334669338675,-0.2598073277614359,-0.966439492482181,1.1186696093096584
3.3867735470941884,-0.0404921566603708,-0.9950586911454772,0.020249305435533382,3.3867735470941884,-0.23692072731178776,-0.9720653198297998,1.1646715067261981
3.406813627254509,-0.03911294158661788,-0.9956045732984051,0.0967901545896851,3.406813627254509,-0.21315745198150582,-0.9773678384569456,1.2061313623872736
3.4268537074148293,-0.036612791746956606,-0.9980648674281761,0.20929072211468736,3.4268537074148293,-0.1886102980702053,-0.9822657443453778,1.242874811579492
3.44689378757515,-0.03072453589063834,-0.9990188014907604,0.2551620136772771,3.44689378757515,-0.16337537995753876,-0.9866839010866856,1.2747462671897203
3.4669338677354706,-0.02638585733103363,-0.9999184221077279,0.15733989629636014,3.4669338677354706,-0.13755171664092405,-0.9905546692356755,1.3016103825741023
3.4869739478957915,-0.024418327622247205,-1.0034369754431944,0.17570081736616033,3.4869739478957915,-0.1112408424976172,-0.9938191152185717,1.3233532355575484
3.507014028056112,-0.019343740402530268,-1.0011277409095114,0.08353576062100887,3.507014028056112,-0.08454633173610823,-0.996428087349419,1.3398835160420888
3.527054108216433,-0.021070200944050606,-1.0082414438255507,0.19543879466879627,3.527054108216433,-0.05757337527135065,-0.9983431109790722,1.351133374643469
3.5470941883767533,-0.011510522179332263,-1.000315393056791,0.08305346292289661,3.5470941883767533,-0.030428259463966007,-0.9995370962307225,1.3570591964203838
3.567134268537074,-0.017741404834916822,-1.0048081812200695,0.2756257982408656,3.567134268537074,-0.003217922124907034,-0.9999948224930668,1.357642027141117
3.5871743486973946,-0.00046339599733415116,-1.0054190467671873,0.22814881604480886,3.5871743486973946,0.023950593671754124,-0.999713198241642,1.3528878419856252
3.6072144288577155,-0.008597163710876942,-0.9990317863514466,-0.3301612841029285,3.6072144288577155,0.0509705886268046,-0.9987012807568607,1.342827498525456
3.627254509018036,-0.0136963131958484,-0.992995709900766,-0.09692802912799015,3.627254509018036,0.07773625495344069,-0.9969800585658963,1.3275164702579816
3.6472945891783564,-0.012482054657890537,-0.995383015792472,0.2800404701993656,3.6472945891783564,0.10414311312956688,-0.9945820055188038,1.30703432142317
3.6673346693386772,-0.002472246253989853,-1.0078405733425657,0.21645734514590176,3.6673346693386772,0.13008853907766013,-0.9915504121408719,1.2814839384172014
3.6873747494989977,-0.003806409561862148,-1.0049445250673628,0.13707742326422823,3.6873747494989977,0.15547217082713416,-0.9879385268615165,1.2509905731274549
3.7074148296593186,0.0030218388467810045,-0.9952959938183835,0.19221712538514016,3.7074148296593186,0.18019639606293858,-0.9838085131108562,1.2157006561170447
3.727454909819639,0.0038976836399472166,-1.0049112642286613,0.003933229390543705,3.727454909819639,0.20416671384638763,-0.9792302742823341,1.1757805041696086
3.74749498997996,0.003179483311331819,-1.0011168871072984,-0.06609815541581102,3.74749498997996,0.2272921668951712,-0.9742801497022092,1.1314148352598232
3.7675350701402803,0.001248458973982871,-0.9972347110365208,-0.08510887390172195,3.7675350701402803,0.24948564910102938,-0.9690395459876804,1.0828052654923679
3.787575150300601,-0.00023169399935843264,-1.0048147659330045,0.14066941477873277,3.787575150300601,0.2706642713546375,-0.9635935016911014,1.0301686681457582
3.8076152304609217,0.006886511670525081,-0.9994315438887365,0.3822671846688701,3.8076152304609217,0.29074961126377413,-0.9580292532971604,0.9737355919628066
3.8276553106212425,0.015089636047490109,-1.0066117254794453,0.16437609803914097,3.8276553106212425,0.3096680068537502,-0.9524347947775162,0.9137486090419707
3.847695390781563,0.013474732032815523,-1.0029299063320367,-0.18495062396134654,3.847695390781563,0.3273507503068007,-0.9468974935092711,0.8504607743592063
3.8677354709418834,0.0076767853877167756,-0.9983044107101313,0.0673516009257843,3.8677354709418834,0.34373430908183134,-0.9415027511663044,0.7841340906436434
3.8877755511022043,0.01617419499577313,-1.007847799078876,0.27095626000286704,3.8877755511022043,0.3587604700339707,-0.9363327590625149,0.7150381011402398
3.9078156312625247,0.018536755728513196,-0.9976596806275382,-0.06947149893396792,3.9078156312625247,0.3723764920852615,-0.9314653374448233,0.6434485682692508
3.9278557114228456,0.01338976618078427,-0.9999396119951,0.02832355051993901,3.9278557114228456,0.38453520952527015,-0.926972888868141,0.5696462565160919
3.947895791583166,0.01967196817420188,-0.9970588873666703,0.1694895084830253,3.947895791583166,0.3951951246016458,-0.9229214612481368,0.49391587788645386
3.967935871743487,0.020182932853450495,-0.998682592224084,-0.11509009359805261,3.967935871743487,0.40432047848058145,-0.9193699291743703,0.4165450884074666
3.9879759519038074,0.015059138771474438,-0.9929635262744652,0.07872671524074137,3.9879759519038074,0.4118812958628109,-0.9163692982088222,0.3378237029053806
4.008016032064128,0.023338312221816853,-0.9991416986813186,0.24857638284815026,4.008016032064128,0.4178534292017304,-0.9139621226719823,0.2580429012401909
4.028056112224449,0.025022120047953275,-1.0019002137109418,0.12120615673494761,4.028056112224449,0.422218570198071,-0.9121820487298292,0.1774946646142358
4.04809619238477,0.028196274415602386,-0.999129036311821,0.08696778185894338,4.04809619238477,0.42496426872492044,-0.9110534651197315,0.0964711720039614
4.06813627254509,0.028507802687590376,-0.9970135012697234,-0.2867195353818167,4.06813627254509,0.42608392581966364,-0.9105912727127763,0.015264362127474708
4.0881763527054105,0.016704509470438972,-0.999477401123237,-0.23333290551884922,4.0881763527054105,0.4255767877965835,-0.9108007598279583,-0.06583451171472149
4.108216432865731,0.01915578242631374,-0.9995127652039978,0.24619799152861205,4.108216432865731,0.42344792742833465,-0.9116775871594586,-0.14653529991001346
4.128256513026052,0.026572164441525745,-1.003222044536763,0.186242215187304,4.128256513026052,0.41970821741869313,-0.9132078788393082,-0.22654932432858405
4.148296593186372,0.026620400269492507,-1.0030252819134908,0.0003519620589167438,4.148296593186372,0.4143742977418447,-0.9153684181925472,-0.30558982734476825
4.168336673346693,0.026586271137273913,-1.006724775362371,0.41222135067967447,4.168336673346693,0.4074685314779114,-0.9181269500990775,-0.38337241004068495
4.188376753507014,0.04314229809232535,-0.9909670350909251,-0.0018533937974879455,4.188376753507014,0.3990189544629703,-0.921442587830662,-0.4596155293339942
4.208416833667335,0.02651198681673331,-1.0059394897646916,-0.35212617098067056,4.208416833667335,0.389059209241045,-0.9252663282395811,-0.5340411185638678
4.228456913827655,0.02902902470632582,-1.0031918991883249,0.030472911774204192,4.228456913827655,0.3776284729137521,-0.9295416712229506,-0.6063752016450115
4.248496993987976,0.027733346006079993,-1.0033283904860966,-0.08169101476255802,4.248496993987976,0.3647713639394087,-0.9342053482290801,-0.6763487057883267
4.268537074148297,0.025754835737886582,-0.9952723114992046,-0.18340164589270014,4.268537074148297,0.35053783698271107,-0.9391881538686093,-0.743698303768471
4.288577154308617,0.020382578635631313,-1.0012336608888024,-0.015200859718812132,4.288577154308617,0.33498306050439297,-0.9444158786810539,-0.8081673771282937
4.3086172344689375,0.02514558284334547,-0.993533371315262,-0.08904593399469146,4.3086172344689375,0.31816726421319813,-0.9498103409499778,-0.8695071373958382
4.328657314629258,0.016813603325222793,-1.0031536764918683,-0.15931180438201592,4.328657314629258,0.3001555835635819,-0.955290499476374,-0.92747772074471
4.348697394789579,0.018760340182743553,-0.9984061455735167,-0.0021194552820854584,4.348697394789579,0.2810178503983239,-0.9607736518163587,-0.9818495414821294
4.368737474949899,0.016728655217724552,-1.003993274804096,-0.0008834871095721453,4.368737474949899,0.2608283960884884,-0.9661766820475081,-1.0324045067648102
4.38877755511022,0.018724929877750863,-0.9891065291959116,0.30623884048266414,4.38877755511022,0.2396657819828344,-0.9714173651009873,-1.0789375001807833
4.408817635270541,0.029002757040677174,-1.0057861028290846,-0.2884037309360098,4.408817635270541,0.21761255316826875,-0.9764156791990942,-1.1212576682795357
4.428857715430862,0.00716566210476436,-0.9983147417335678,-0.2503359483309303,4.428857715430862,0.1947549098994063,-0.9810951303432941,-1.159189913196249
4.448897795591182,0.018969252097552326,-0.9967104040610607,-0.017142116979106198,4.448897795591182,0.17118240668232365,-0.9853840356502691,-1.192576163202498
4.468937875751503,0.0064786033080055285,-0.997825268837818,-0.19484522045573033,4.468937875751503,0.14698757071337942,-0.9892167626499878,-1.2212767452354927
4.488977955911824,0.011159824423975864,-1.000835051465875,0.2854470765676428,4.488977955911824,0.12226554602371933,-0.9925348746779117,-1.2451715250622328
4.509018036072144,0.01791936789989481,-1.0005712964990368,0.014317941852157678,4.509018036072144,0.09711366848973065,-0.9952881725721838,-1.2641610379550627
4.529058116232465,0.011733689828871383,-0.9997158231683948,-0.32362503929119135,4.529058116232465,0.07163106128360491,-0.9974355923109554,-1.2781673758033107
4.5490981963927855,0.0049484244413298675,-1.0006815821660966,-0.1511089548636486,4.5490981963927855,0.04591817931376658,-0.9989459456280901,-1.2871349737552622
4.569138276553106,0.005677218692051728,-0.9951377888951188,0.16507094833109512,4.569138276553106,0.02007636729118307,-0.9997984765071782,-1.2910311377347443
4.589178356713426,0.011564494514720157,-0.9889140392691217,-0.05611913372830045,4.589178356713426,-0.005792609725855928,-0.9999832228831941,-1.2898464148115845
4.609218436873747,0.0034279548151653406,-1.0027623973308437,-0.11188627820438121,4.609218436873747,-0.031587031283555486,-0.9995011712045578,-1.2835946893830357
4.629258517034068,0.007080074546608631,-1.0068310282597628,0.04302501884035048,4.629258517034068,-0.05720568561752898,-0.9983642009342532,-1.2723131067258273
4.649298597194389,0.00515240446808522,-1.0004292846932101,-0.161528557436201,4.649298597194389,-0.08254834159311036,-0.996594819948741,-1.256061711030113
4.669338677354709,0.0006059840682039628,-0.9870939881278612,0.20925954402482747,4.669338677354709,-0.10751618754596173,-0.9942257003699546,-1.234922939791807
4.68937875751503,0.01353956054122529,-1.0040143970934035,0.10876414182251667,4.68937875751503,-0.13201229377947538,-0.9912990243339119,-1.2090008244743327
4.709418837675351,0.0049652683095874495,-0.9918028037520958,-0.570616587419556,4.709418837675351,-0.15594201042581507,-0.9878656647600745,-1.1784201190756296
4.729458917835671,-0.009330843764167256,-0.9916111800211365,-0.10509887012828095,4.729458917835671,-0.17921340145487036,-0.983984212805226,-1.1433251304916563
4.749498997995992,0.0007528887453288145,-1.0027679251194406,0.1222006689385046,4.749498997995992,-0.20173759249092635,-0.979719892155894,-1.1038785750569604
4.7695390781563125,-0.004433021361822323,-0.9971544528160575,0.03674686840151524,4.7695390781563125,-0.22342915978825503,-0.9751433686989687,-1.0602601452139913
4.789579158316633,0.00222570912214307,-0.9918559433053936,-0.0609650749795909,4.789579158316633,-0.2442064226200048,-0.9703295066858804,-1.012665203082347
4.809619238476953,-0.006876511340963519,-1.0018913932790485,-0.16350883101916452,4.809619238476953,-0.2639917762801115,-0.9653560734577062,-0.961303210612074
4.829659318637274,-0.004327751038945106,-1.001010855292391,0.12092424510962366,4.829659318637274,-0.2827119270718045,-0.960302448802413,-0.9063963710801208
4.849699398797595,-0.0020298482103172214,-1.0028980315562765,0.08339311684768042,4.849699398797595,-0.30029816471685916,-0.9552483329624095,-0.8481780498406274
4.869739478957916,-0.0009853415460520628,-1.0050596637642013,-0.2495494172628201,4.869739478957916,-0.31668654109380934,-0.9502725087192923,-0.7868914634459963
4.889779559118236,-0.012031828862133023,-1.0032282052390047,-0.1843588954761118,4.889779559118236,-0.33181808314799727,-0.9454516431475879,-0.7227881994965943
4.909819639278557,-0.008374475633270248,-1.0060972432205912,0.05811855661611312,4.909819639278557,-0.3456389196157348,-0.9408591800480518,-0.6561270313662929
4.929859719438878,-0.009702427795354913,-0.999802735176108,-0.0698261675830209,4.929859719438878,-0.3581004391578716,-0.9365643011022892,-0.5871726143895488
4.949899799599198,-0.011173119624573655,-1.0038186101568172,0.25180209108862633,4.949899799599198,-0.3691593727228904,-0.9326309999496593,-0.5161944740884711
4.969939879759519,0.00038984038455042516,-0.9987954755328199,0.10673856264029541,4.969939879759519,-0.37877790237327513,-0.9291172429983191,-0.4434659212571479
4.98997995991984,-0.006895020921555752,-1.0077396959238614,-0.40039243216390463,4.98997995991984,-0.38692371027682804,-0.9260742512648831,-0.3692632230614825
5.01002004008016,-0.015657952487750558,-0.9983018548707185,0.043570799216039374,5.01002004008016,-0.3935700428857715,-0.9235458797217178,-0.2938647533720241
5.03006012024048,-0.005148696303679294,-0.995784941185834,0.4040757555130744,5.03006012024048,-0.39869573783494416,-0.9215681140609149,-0.21755031084752705
5.050100200400801,0.0005374685748973373,-1.00991794283042,-0.0012121889872662994,5.050100200400801,-0.40228524946597877,-0.9201686716613029,-0.14060049356209425
5.070140280561122,-0.005197281032627844,-0.9980760568986011,-0.4673521742786912,5.070140280561122,-0.4043286595480447,-0.9193667107597716,-0.06329611435544429
5.090180360721443,-0.01819408149639312,-0.9938055049036163,-0.1998643030086251,5.090180360721443,-0.4048216736613383,-0.9191726464744451,0.01408226395546875
5.110220440881763,-0.013207874339587481,-1.005990029166213,0.3393180496899767,5.110220440881763,-0.4037656148632912,-0.9195880677225108,0.09125484822215055
5.130260521042084,-0.004594159665131503,-0.9915774202499225,-0.03379713129193418,5.130260521042084,-0.4011674007793185,-0.9206057592076416,0.16794303527520707
5.150300601202405,-0.014562468780145981,-0.9978441399416826,-0.10630381601662589,5.150300601202405,-0.3970395171926218,-0.9222098223286677,0.24386988283805103
5.170340681362725,-0.008854833653774475,-1.0034637439337768,0.18354065765397495,5.170340681362725,-0.3913999785579285,-0.9243758980190665,0.3187606042720365
5.190380761523046,-0.007206129796018982,-1.0002174705711653,-0.17019256495093707,5.190380761523046,-0.3842722809601138,-0.9270714887788472,0.39234304730620706
5.210420841683367,-0.01567617894238927,-0.9971474084020368,-0.10113557504676277,5.210420841683367,-0.37568534277274257,-0.9302563811740535,0.464348301773693
5.2304609218436875,-0.011259659858013532,-0.99955989056,-0.2837443684560009,5.2304609218436875,-0.3656734334329048,-0.9338831677756554,0.5345113092979982
5.2505010020040075,-0.027048698720183888,-0.9972474422064981,-0.11343388129773885,5.2505010020040075,-0.3542760914314095,-0.9378978667573087,0.602571567603363
5.270541082164328,-0.015806108006218254,-1.004546292766182,0.38165133765450526,5.270541082164328,-0.3415380200052792,-0.9422406408658757,0.6682739609512094
5.290581162324649,-0.011752051920403931,-0.9990981846087847,-0.017268812443782644,5.290581162324649,-0.32750897885949226,-0.9468466055447632,0.7313695765891195
5.31062124248497,-0.016498244777512158,-1.0070159460317143,0.24744561564610662,5.31062124248497,-0.31224363942380606,-0.9516467318931738,0.7916167493821099
5.33066132264529,-0.0018343919746691521,-1.0005061662315673,-0.008858082585804727,5.33066132264529,-0.2958014413791479,-0.9565688241185469,0.8487820331232518
5.350701402805611,-0.016853278147686005,-1.004472468632079,-0.24315231484376265,5.350701402805611,-0.27824640544909984,-0.9615385761543755,0.9026413910367272
5.370741482965932,-0.011579975735942324,-1.0036336601494589,0.21149815185370946,5.370741482965932,-0.259646941344696,-0.9664806824161286,0.9529813406876642
5.390781563126252,-0.008376398313869986,-0.993778763037154,0.2527578447501198,5.390781563126252,-0.24007562046870679,-0.9713199968907471,0.9996002022820555
5.410821643286573,-0.0014494007960576998,-0.9945059884776491,-0.17619319415159512,5.410821643286573,-0.21960892421036085,-0.9759827190235887,1.0423093750488694
5.430861723446894,-0.01543824978287188,-0.9969202045523969,-0.014386170729815954,5.430861723446894,-0.1983269782835473,-0.9803975841873294,1.0809345641311865
5.4509018036072145,-0.0020260008253088473,-1.0054308169137158,0.20166561463330057,5.4509018036072145,-0.17631323772846558,-0.9844970444692436,1.1153170884985406
5.4709418837675345,-0.007355459617207781,-1.001554613327496,-0.24543620901886903,5.4709418837675345,-0.15365418389273677,-0.9882184031823094,1.1453150097700489
5.490981963927855,-0.011863123431275407,-0.9939103215498376,0.0792179493758896,5.490981963927855,-0.13043894965999198,-0.9915048953283023,1.1708043448167558
5.511022044088176,-0.004180391505949644,-0.9992703495567362,0.17074799450290648,5.511022044088176,-0.10675898193206285,-0.9943066704389739,1.1916800151410671
5.531062124248497,-0.005019516437170855,-0.9883852633553958,-0.10853682935027087,5.531062124248497,-0.08270761625218002,-0.9965816743758157,1.2078568375605423
5.551102204408817,-0.008530565027002422,-0.9980181232638989,0.008269986745491578,5.551102204408817,-0.058379710967118574,-0.9982963886088637,1.2192702143414076
5.571142284569138,-0.004688054042561652,-0.9990270684351474,0.051504473256046096,5.571142284569138,-0.033871184740573164,-0.999426426261662,1.2258767950126936
5.591182364729459,-0.0064662574816698876,-1.001535277948343,0.030344457362338706,5.591182364729459,-0.009278632166741616,-0.9999569538013899,1.2276548411731276
5.611222444889779,-0.003471843326636476,-0.999324136989606,0.15565308317519877,5.611222444889779,0.015301159426880422,-0.9998829395440263,1.2246044869875656
5.6312625250501,-0.00022765695360585977,-1.0007560893684513,0.2086724375383435,5.6312625250501,0.03977160024589031,-0.9992092141526339,1.2167477380624099
5.651302605210421,0.004891781424399437,-0.9964548409785919,-0.21214324999041875,5.651302605210421,0.06403678423411947,-0.9979503456958906,1.204128302211355
5.671342685370742,-0.008730392424163829,-0.9952132592769781,0.0929188319262867,5.671342685370742,0.08800187053605107,-0.9961303336892058,1.1868112156111077
5.691382765531062,0.008615983104810319,-1.003927847726216,-0.06471333646216756,5.691382765531062,0.11157355620806703,-0.9937821251444645,1.1648822613694887
5.7114228456913825,-0.011324113324452734,-1.0066549422293378,-0.2610115596411106,5.7114228456913825,0.13466043348977755,-0.9909469764377442,1.138447254657406
5.731462925851703,-0.001845402051146144,-1.0091804366498995,0.34048028246686257,5.731462925851703,0.1571734344024704,-0.987673662427587,1.1076311051947119
5.751503006012024,0.0023223909828365133,-0.9974598516641887,0.07702099686446494,5.751503006012024,0.17902615116754164,-0.9840175739720541,1.0725768294784725
5.771543086172344,0.0012416118512374218,-1.0055168196896687,-0.12864853371376642,5.771543086172344,0.20013523935009703,-0.9800397009675896,1.0334443427936795
5.791583166332665,-0.0028338628734267506,-1.0107644138669727,-0.03926655678276217,5.791583166332665,0.22042069361710281,-0.9758055551651346,0.9904092901501896
5.811623246492986,-0.00033219803985526917,-0.9980568560527162,0.03719058174081231,5.811623246492986,0.23980619908976422,-0.9713840235959674,0.9436616727989469
5.831663326653306,-0.0013432583948369383,-0.9875343732555455,-0.027348643220805772,5.831663326653306,0.25821935879922436,-0.9668462140574501,0.8934045966300703
5.851703406813627,-0.001428336044697132,-1.0000292016554126,0.1868469908318971,5.851703406813627,0.2755919871305185,-0.9622642767052625,0.8398528440907805
5.871743486973948,0.006145598953134981,-0.9958057457072851,0.13651427140748165,5.871743486973948,0.2918602892641854,-0.9577102638797016,0.7832316315197305
5.891783567134269,0.004043177839370336,-0.9995883036996157,-0.17492372178524762,5.891783567134269,0.3069650949321395,-0.9532550066645648,0.7237752281359517
5.911823647294589,-0.0008653718599008009,-1.0004910704096153,0.084203472162369,5.911823647294589,0.32085199347570015,-0.9489670649359506,0.6617257959138769
5.9318637274549095,0.007418066503193292,-0.9954003541920803,0.14026878343620533,5.9318637274549095,0.33347150950061377,-0.9449117267848561,0.5973321371210399
5.95190380761523,0.004756623468203689,-1.0014461881201338,0.0036189913017689868,5.95190380761523,0.3447792003741375,-0.9411501033658319,0.5308486607317194
5.971943887775551,0.0075631162547672,-0.9986569176153592,0.053572118660544704,5.971943887775551,0.35473577723162714,-0.9377382973765713,0.46253431690219526
5.991983967935871,0.00690380257283487,-0.9983844584924388,-0.19255805729651157,5.991983967935871,0.3633071733153843,-0.9347266757255716,0.39265169951536993
6.012024048096192,-0.00015464155270841946,-1.003332490898051,-0.13727815680241057,6.012024048096192,0.37046461599896346,-0.9321592326670859,0.3214661952036036
6.032064128256513,0.0014016720396720552,-0.9950309574375829,0.20666933716862826,6.032064128256513,0.3761846725297697,-0.9300730560502719,0.2492452094371776
6.052104208416833,0.008128698614370556,-1.0008651529542116,0.15492468474128016,6.052104208416833,0.3804492818639062,-0.9284978940148341,0.17625751478593196
6.072144288577154,0.007611078241726989,-1.0037683325404383,-0.08806396168150031,6.072144288577154,0.3832457800992584,-0.9274558196346477,0.10277258122436937
6.092184368737475,0.004599080911705171,-0.9973063889283589,-0.054865418581840686,6.092184368737475,0.38456690319752324,-0.9269609992082603,0.029060062485535276
6.112224448897796,0.0054120634689076965,-1.0044806975608398,0.16751874016783425,6.112224448897796,0.3844107903371109,-0.9270195548553519,-0.04461078236214741
6.132264529058116,0.011313258874343524,-0.9998469667482675,-0.08401992995607983,6.132264529058116,0.3827809673346967,-0.9276295281555292,-0.11797156545041099
6.152304609218437,0.0020445312061383274,-1.0000330830657091,-0.08781482627404649,6.152304609218437,0.3796863262364271,-0.9287809379080019,-0.19075527240911855
6.1723446893787575,0.007793626558750436,-0.9945577298097421,0.050826155920714634,6.1723446893787575,0.37514109167572346,-0.9304559346458426,-0.2626967903232172
6.192384769539078,0.004081651683922506,-0.997613541500131,-0.09420424833316944,6.192384769539078,0.36916477807625253,-0.9326290495139243,-0.33353339945271004
6.212424849699398,0.004017905182671376,-1.0001120976150244,0.16247498599013488,6.212424849699398,0.36178213608916876,-0.9352675371778547,-0.40300537256483704
6.232464929859719,0.010593675170501287,-0.9958981645985164,0.12931219709508351,6.232464929859719,0.35302308551366907,-0.938331812549969,-0.4708565754645056
6.25250501002004,0.00920075877365675,-0.9930360911832284,-0.03736204068192267,6.25250501002004,0.3429226395375245,-0.9417759779368243,-0.5368351238362405
6.27254509018036,0.009096198590063463,-0.997198304832411,0.05718746930351931,6.27254509018036,0.33152080704534015,-0.9455484427690447,-0.6006941670664292
6.292585170340681,0.011492841711673644,-0.9999359090908012,-0.10245285913756937,6.292585170340681,0.31886249108772363,-0.9495926261511028,-0.6621926347922463
6.312625250501002,0.004989871570521554,-1.0065472502941741,-0.0822198817729407,6.312625250501002,0.3049973557616942,-0.9538477466111093,-0.7210961887894265
6.332665330661323,0.00819745566866997,-1.0053141073456127,-0.046566079695859394,6.332665330661323,0.2899796901446644,-0.9582496829633884,-0.777178114770311
6.352705410821643,0.0031234956308081358,-1.0015151965266493,-0.05063478806584512,6.352705410821643,0.2738682395391841,-0.962731907272767,-0.8302203805568158
6.372745490981964,0.006168005245189584,-1.003037222635269,0.015754583812941064,6.372745490981964,0.2567260222417213,-0.9672264733110381,-0.8800146981472539
6.3927855711422845,0.0037549418758158013,-1.0009251516231734,-0.03572309571216742,6.3927855711422845,0.23862012744122416,-0.971665049342245,-0.9263636215306066
6.4128256513026045,0.004736217841896163,-0.9997077138767859,0.08247818625904346,6.4128256513026045,0.2196214758450648,-0.9759799845987375,-0.969081738600603
6.432865731462925,0.007060680804034002,-0.9973431930534724,-0.12274630245952482,6.432865731462925,0.19980458406611534,-0.9801053822807152,-1.0079967560397185
6.452905811623246,-0.00018347363944757732,-1.0003448591147743,0.1776866720019548,6.452905811623246,0.1792472669081413,-0.9839781755333329,-1.0429507296490597
6.472945891783567,0.01418239110471364,-0.997560570897167,-0.03298949970858534,6.472945891783567,0.15803036765533623,-0.9875391665159743,-1.0738010787011238
6.492985971943887,-0.0015056980766640815,-0.9996714172740626,-0.42247536326203,6.492985971943887,0.1362374052683081,-0.9907340298671555,-1.1004217437470634
6.513026052104208,-0.002750489186348877,-1.0098718201298578,0.25962783065477507,6.513026052104208,0.1139542721301125,-0.9935142349405933,-1.122704061455775
6.533066132264529,0.008900226999679735,-1.0046918419410504,0.23956670012184375,6.533066132264529,0.09126883379170482,-0.9958378903906612,-1.1405577394011883
6.55310621242485,0.006851382562021731,-1.0007162528571407,-0.07754386380889972,6.55310621242485,0.06827059892170931,-0.9976704676771847,-1.1539115192705178
6.57314629258517,0.005792256506337049,-1.0060449048396405,-0.03151728639217177,6.57314629258517,0.04505028304311151,-0.9989854076115873,-1.162713872133048
6.593186372745491,0.005588164670551971,-0.9969973638242101,-0.0906956847667412,6.593186372745491,0.021699458566100192,-0.99976457598696,-1.1669333874623473
6.613226452905812,0.002157158920495674,-0.992343785206017,-0.2017442863405243,6.613226452905812,-0.0016899030600061107,-0.9999985721141637,-1.1665591183812727
6.633266533066132,-0.0024977786697494685,-0.9939042136895861,-0.0005101795037115373,6.633266533066132,-0.02502579078984176,-0.9996868712406395,-1.1616006543471742
6.6533066132264524,0.0021367108441950225,-1.0010656696214024,0.01593979074101154,6.6533066132264524,-0.0482166173640672,-0.9988378040913325,-1.1520880815965029
6.673346693386773,-0.001858909301372245,-0.9925452036053074,0.10069589912936938,6.673346693386773,-0.07117157596319867,-0.9974683722989831,-1.1380717250040986
6.693386773547094,0.006172618624931319,-0.9992558215837218,0.054703791411010824,6.693386773547094,-0.09380109349392772,-0.9956039021569482,-1.1196217289084043
6.713426853707414,0.0003336274285285811,-1.0016848585667157,-0.2359443549882858,6.713426853707414,-0.11601717053107534,-0.9932775534834661,-1.0968274858015943
6.733466933867735,-0.0032840689497492825,-1.003066657641579,-0.03291480331927833,6.733466933867735,-0.1377338119352785,-0.9905296842032066,-1.069796878082837
6.753507014028056,-0.0009856031654304862,-1.001512155409421,0.1435155720536637,6.753507014028056,-0.15886733676023712,-0.9874071039433846,-1.0386554444656944
6.773547094188377,0.002468058186670174,-1.001940802726558,-0.040984284522943365,6.773547094188377,-0.17933677419903915,-0.9839622134307491,-1.003545349863515
6.793587174348697,-0.002628259859736438,-0.999147900769105,-0.16457680876486952,6.793587174348697,-0.19906413518005245,-0.9802520762594191,-0.9646243650402544
6.813627254509018,-0.004128206693685093,-0.999197129948465,0.09052694409014403,6.813627254509018,-0.21797476323682938,-0.9763374143219826,-0.9220646516986932
6.833667334669339,0.0010000745727343089,-0.999984746058364,0.12325869395483811,6.833667334669339,-0.23599756339637284,-0.9722815818413323,-0.8760516402914833
6.853707414829659,0.0008120215209378636,-0.9978152239446705,-0.1031605802578453,6.853707414829659,-0.2530653009701762,-0.9681495033210052,-0.8267827273094202
6.8737474949899795,-0.0031346180227706383,-0.9940465886847814,-0.09846113407225032,6.8737474949899795,-0.2691147868573106,-0.9640066329018546,-0.7744661325384179
6.8937875751503,-0.0031343165180301334,-0.9952519258049337,0.08345402257837542,6.8937875751503,-0.28408712118904844,-0.9599179154356825,-0.7193196023478646
6.913827655310621,0.00021023258157310605,-1.0074240385760334,-0.13019578396656767,6.913827655310621,-0.29792783701238335,-0.9559468036821362,-0.6615693146974235
6.933867735470941,-0.008352584412481162,-1.0127689872216323,-0.21239295495131708,6.933867735470941,-0.31058708928073614,-0.9521543091183281,-0.6014486664500889
6.953907815631262,-0.008302511103849957,-0.9953276000882185,0.08362197000805696,6.953907815631262,-0.3220197614919629,-0.9485981329164869,-0.5391972737976619
6.973947895791583,-0.005001002448230341,-1.0068334011598066,0.14203094791540466,6.973947895791583,-0.332185602481812,-0.9453318552909973,-0.4750599015846172
6.993987975951904,-0.002609887940907816,-1.0011226371218216,0.12197972320234868,6.993987975951904,-0.3410493029850642,-0.9424042175875756,-0.40928557546359684
7.014028056112224,-0.00011203558641281232,-1.0058491763971453,0.20474742972834087,7.014028056112224,-0.34858058393864993,-0.9398584810425996,-0.34212669025922005
7.034068136272545,0.005596421867843381,-1.0090083173488482,0.06278581721259936,7.034068136272545,-0.3547542495384945,-0.9377318809973834,-0.2738382247849602
7.054108216432866,0.0024044300333306797,-0.9972909118800244,-0.2089092700385082,7.054108216432866,-0.3595502334027213,-0.9360551701945232,-0.20467703249733107
7.074148296593186,-0.0027766951677679974,-0.9962022699296453,-0.11375252504296857,7.074148296593186,-0.3629536312800654,-0.934852254646389,-0.13490114108722948
7.0941883767535066,-0.0021547894072689597,-1.0028804308051034,-0.10897973868819891,7.0941883767535066,-0.36495471415980796,-0.93413992495552,-0.06476918664913832
7.114228456913827,-0.007144620566092656,-1.0129529388055651,-0.003283516646222749,7.114228456913827,-0.36554893953761225,-0.9339276768519438,0.005460214683283893
7.134268537074148,-0.0022863932808650637,-1.0027288158024563,0.08622692931955334,7.134268537074148,-0.3647369412087774,-0.9342176274928748,0.0755289683894634
7.154308617234468,-0.0036886314150081107,-0.9980384592021843,0.040253691229520584,7.154308617234468,-0.3625245165104769,-0.935004520184886,0.1451800613201678
7.174348697394789,-0.0006730188828881071,-1.0073919435485117,-0.06899459235001386,7.174348697394789,-0.35892259747096716,-0.93627582156166,0.21415809505902006
7.19438877755511,-0.006453945737653991,-0.9990805143247008,0.023220889642731786,7.19438877755511,-0.3539472141200157,-0.938011907356293,0.2822098038093136
7.214428857715431,0.00025767809678051276,-1.0000738136591951,0.29358731632572604,7.214428857715431,-0.3476194453066037,-0.9401863373308671,0.34908466268541705
7.234468937875751,0.0053130809687878915,-0.9971007798111272,-0.07869701866020556,7.234468937875751,-0.33996535823641666,-0.9427662175436707,0.4145354548465055
7.254509018036072,-0.0028965110278775814,-0.9993993305363619,-0.14097096103862972,7.254509018036072,-0.33101593651876654,-0.9457126482209337,0.478318936286102
7.274549098196393,-0.00033705775019533205,-1.0048625937476132,0.10023910895161844,7.274549098196393,-0.32080699066456486,-0.9489812567450518,0.5401965498703979
7.294589178356713,0.0011210885293015229,-0.9940144289016066,-0.09915446122689013,7.294589178356713,-0.3093790623056301,-0.9525228086873182,0.5999351400312997
7.314629258517034,-0.004311184452676164,-1.0007899911645828,-0.056709925344228626,7.314629258517034,-0.29677729965516164,-0.9562838995876228,0.6573078334294564
7.3346693386773545,-0.0011518543702667863,-1.0001339409868877,0.05345391110267189,7.3346693386773545,-0.28305133300119223,-0.960207712494969,0.7120948405135523
7.354709418837675,-0.0021687431259157417,-1.0046638495425062,-0.013557868068421866,7.354709418837675,-0.26825511282960307,-0.9642348452284242,0.7640844577770444
7.374749498997995,-0.0016952558960552982,-1.0022140271229656,-0.09542937943847002,7.374749498997995,-0.25244674775944714,-0.9683041869998418,0.8130739870765805
7.394789579158316,-0.005993567953109102,-1.0044217482743512,-0.006211803167591776,7.394789579158316,-0.23568830702795568,-0.9723538435095793,0.8588707922140761
7.414829659318637,-0.0019442259628926469,-1.0008625945171363,0.16179363382883696,7.414829659318637,-0.2180456109273416,-0.9763220908635316,0.9012933282668198
7.434869739478958,0.0004911468296098921,-0.9914394599100327,0.18150565376500372,7.434869739478958,-0.19958800076306327,-0.980148346271715,0.9401721869621846
7.454909819639278,0.00533054973911133,-1.0068576525787378,0.061352167448045024,7.454909819639278,-0.18038807666149265,-0.9837741415055533,0.9753511771025568
7.474949899799599,0.0029501515369460213,-1.0080661027578597,0.09164010537713005,7.474949899799599,-0.16052143637175317,-0.9871440748602631,1.0066883028643334
7.49498997995992,0.009003499854427208,-0.9926425953141418,-0.21110586292472117,7.49498997995992,-0.14006636163627773,-0.9902067337228352,1.034056803631514
7.51503006012024,-0.005511005293703128,-1.0010452168002906,-0.15529215651078337,7.51503006012024,-0.1191035274719292,-0.9929155556028474,1.0573460076803665
7.535070140280561,0.0027793653249379656,-1.00334411195524,0.12327598289027686,7.535070140280561,-0.097715643285186,-0.9952296241085379,1.0764622316949262
7.5551102204408815,-0.0005700841357761394,-0.9947993712847795,0.16919200404634943,7.5551102204408815,-0.0759871361512882,-0.9971143664521753,1.0913294505994684
7.575150300601202,0.009560607972086322,-1.0030271138622653,-0.1187358548634636,7.575150300601202,-0.054003756794560924,-0.9985421514841906,1.1018899655839778
7.595190380761522,-0.005329036234510998,-0.9908691225465639,-0.3728501290641082,7.595190380761522,-0.031852242913270566,-0.9994927601985344,1.108104836484878
7.615230460921843,-0.00538328497637412,-0.996609668915051,0.031232779865370264,7.615230460921843,-0.009619902902931313,-0.9999537290909063,1.109954248435457
7.635270541082164,-0.0040772214102476455,-1.0024389735619144,-0.15496283662081164,7.635270541082164,0.012605732068809529,-0.9999205488116089,1.1074376673524813
7.655310621242485,-0.011594220311877667,-0.9892129838730287,0.01446799171471487,7.655310621242485,0.03473733249807405,-0.9993967195331063,1.1005738659450963
7.675350701402805,-0.003497341982804861,-1.0030281974108328,0.17555798488077073,7.675350701402805,0.056688118710155694,-0.9983936588381856,1.0894007843501403
7.695390781563126,-0.004557828132288134,-0.9962892326923577,0.08965417609145346,7.695390781563126,0.07837227983579934,-0.9969304645046903,1.07397521078844
7.715430861723447,9.60117683556416e-05,-0.9985033219580748,0.1426206173684833,7.715430861723447,0.0997053090503677,-0.995033542077505,1.0543723566066188
7.735470941883767,0.0011584290768696154,-0.9934911421100072,0.2205356835547839,7.735470941883767,0.12060440591216015,-0.9927360997527066,1.0306852179475274
7.755511022044088,0.008935117321653804,-0.9921923446756867,0.08111742471310371,7.755511022044088,0.14098878665921916,-0.9900775337983909,1.0030239040552469
7.775551102204409,0.0044096284641684,-0.9998399206047228,-0.3009121638746785,7.775551102204409,0.1607800573220984,-0.9871027056959514,0.971514732284984
7.7955911823647295,-0.003125490448874539,-1.0037670603179376,-0.2256285176280285,7.7955911823647295,0.17990249226722058,-0.9838611448788251,0.9362993691223142
7.8156312625250495,-0.004633598695271796,-0.9977001292705937,0.13823824967674264,7.8156312625250495,0.1982833668797127,-0.9804061759828866,0.8975337338089875
7.83567134268537,0.002415120760614467,-1.0033885758597434,-0.04784645997682403,7.83567134268537,0.21585319976609482,-0.97679401065814,0.8553870203968142
7.855711422845691,-0.0065512924819180725,-0.9899330625186813,0.17174104225990394,7.855711422845691,0.23254603807134192,-0.9730828003762099,0.8100404971548714
7.875751503006012,0.00929852926802553,-0.9993173133708618,0.3163120437376482,7.875751503006012,0.24829966025386158,-0.9693316916554321,0.7616864793536202
7.895791583166332,0.006126544942437281,-1.0018265814571479,-0.2826948182875233,7.895791583166332,0.26305581205241824,-0.9655998774430762,0.7105271089338742
7.915831663326653,-0.0020319243707530655,-0.9990765491871534,-0.356719587442209,7.915831663326653,0.2767603681094859,-0.9619456840797269,0.6567733429240239
7.935871743486974,-0.008170833311759645,-1.0067355534985998,0.2313634419145079,7.935871743486974,0.2893635206550332,-0.9584256840901909,0.6006437827205805
7.955911823647294,0.00724115947351474,-1.0048579588960664,0.2031623870759003,7.955911823647294,0.3008199003775929,-0.9550938709176523,0.5423637311895648
7.975951903807615,-2.805226663446655e-05,-0.9939977821401262,-0.010949355274191191,7.975951903807615,0.3110887217374655,-0.9520008815750405,0.48216411996647623
7.995991983967936,0.006802307558717493,-1.0032842833718,-0.18130394738265557,7.995991983967936,0.3201338665134061,-0.949193299648598,0.42028066828335636
8.016032064128256,-0.007294743544495413,-1.0052343254815952,-0.2261005893525166,8.016032064128256,0.3279239892829701,-0.9467130212092894,0.3569529358672693
8.036072144288577,-0.0022598403111219138,-0.997316464627225,0.20241963278887845,8.036072144288577,0.3344325701502191,-0.9445967110242838,0.2924235899745902
8.056112224448897,0.0008182677897282709,-0.9940711655556617,0.08326077239666643,8.056112224448897,0.3396379823725814,-0.9428753319543942,0.2269375978528333
8.076152304609218,0.0010772647949569415,-0.9964048786599725,-0.0544079369415279,8.076152304609218,0.3435235222535172,-0.9415737665272566,0.16074157364767472
8.09619238476954,-0.0013624110456035353,-0.9950193673733084,0.07399325681083019,8.09619238476954,0.3460774408846797,-0.9407105195126385,0.09408311447603669
8.11623246492986,0.004042926390581434,-1.003783544222645,-0.07512605461919511,8.11623246492986,0.34729295581049463,-0.9402975093299772,0.027210183365102468
8.13627254509018,-0.004373475358996806,-1.0071085880813253,-0.09378839909768857,8.13627254509018,0.3471682519301926,-0.9403399454369832,-0.03962944019846366
8.1563126252505,0.0002838723185310683,-0.9924928359615723,0.14962715876805746,8.1563126252505,0.3457064739797908,-0.9408362906259108,-0.10618876518740844
8.176352705410821,0.0016236051527490566,-1.0016128768224601,0.08313490034166976,8.176352705410821,0.3429157031392792,-0.9417783102156226,-0.17222210071504812
8.196392785571142,0.0036159324524657685,-1.0012536203875237,0.07472847691481291,8.196392785571142,0.33880892724198497,-0.9431512041036201,-0.23748564177537057
8.216432865731463,0.004618734488012135,-0.9933584667908861,-0.20374612856737445,8.216432865731463,0.3334039954622742,-0.9449338236817536,-0.3017380429121062
8.236472945891784,-0.00455024504522469,-0.9972182743256621,-0.27965362342971767,8.236472945891784,0.3267235652580497,-0.9470989695755534,-0.364740989531307
8.256513026052104,-0.0065898275732993285,-0.9977199771366297,0.2999670305716339,8.256513026052104,0.31879503251334335,-0.9496137713491414,-0.4262598759473694
8.276553106212425,0.007472481630993247,-0.989174400641834,0.23289688280399415,8.276553106212425,0.30965045372004396,-0.9524401438157831,-0.4860644250223354
8.296593186372744,0.002744716827663726,-1.0032170045484978,-0.2529154643854432,8.296593186372744,0.29932644981557,-0.9555353200965822,-0.5439294464465041
8.316633266533065,-0.002664410729144491,-0.9953602182939838,0.1516937339980846,8.316633266533065,0.28786409665543927,-0.958852455569026,-0.5996355842330486
8.336673346693386,0.008824626005943744,-0.9997143631381689,0.10725051841661004,8.336673346693386,0.2753088035675291,-0.9623412970784256,-0.6529701170981195
8.356713426853707,0.0016342072434651822,-0.9986564812129416,-0.0471317763212058,8.356713426853707,0.2617101640677522,-0.9659489152451913,-0.7037278591299357
8.376753507014028,0.006935576854793188,-0.9923571180130009,-0.006931162381358956,8.376753507014028,0.2471218080240613,-0.969620483590673,-0.7517119936154637
8.396793587174349,0.001356405144011914,-0.9974603022289003,0.10886547242199163,8.396793587174349,0.23160120853208305,-0.9733001074293914,-0.7967350890432456
8.41683366733467,0.011298922442849017,-0.9973080244103717,0.20929782886151138,8.41683366733467,0.21520950381263404,-0.9769316756668953,-0.8386199631857654
8.436873747494989,0.00974509567954418,-0.9946369944224707,-0.28954742673007683,8.436873747494989,0.19801125971754815,-0.9804597411577397,-0.8772007478538444
8.45691382765531,-0.0003061848409219764,-1.0018243231290689,-0.09932900432060576,8.45691382765531,0.18007425810688607,-0.9838303956783463,-0.9123237570532716
8.47695390781563,0.005763973261884583,-1.0041956378113486,0.10988262235846126,8.47695390781563,0.1614692163768513,-0.9869921450289333,-0.9438485279831718
8.496993987975952,0.004097928279657687,-1.0052236666073568,0.04772493948941414,8.496993987975952,0.14226954180041462,-0.9898967473417923,-0.9716486416109333
8.517034068136272,0.0076767964879132285,-1.0098314354701587,-0.20280463973938695,8.517034068136272,0.12255101135967264,-0.9925000185561526,-0.9956126669300698
8.537074148296593,-0.004030514194866938,-0.9897186490504418,-0.0871723550776246,8.537074148296593,0.10239149475902702,-0.9947625690768902,-1.0156448687765733
8.557114228456914,0.0041829145208741245,-1.0055157585821757,0.2503022541396133,8.557114228456914,0.0818705997976026,-0.996650474003787,-1.0316659853549128
8.577154308617233,0.006001640279666905,-1.0011060164101528,-0.3071771774012955,8.577154308617233,0.06106937061428314,-0.9981358454531704,-1.0436137569392634
8.597194388777554,-0.008128795996212886,-1.001383845452493,-0.2819077145682368,8.597194388777554,0.04006990552507558,-0.9991973087441397,-1.051443475581932
8.617234468937875,-0.005297266115853747,-0.9984627749140892,-0.03730662022297457,8.617234468937875,0.01895503973685824,-0.9998203586130494,-1.0551282809401714
8.637274549098196,-0.009624051315771003,-0.9959211502826262,0.11164115928528033,8.637274549098196,-0.0021920547118121393,-0.9999975974490323,-1.0546594344523599
8.657314629258517,-0.0008226705533174075,-0.995697495079602,0.34150961448600253,8.657314629258517,-0.02328819179733035,-0.9997288423167064,-1.050046350803243
8.677354709418838,0.004063708783868542,-1.0029152739060345,0.21860371834633274,8.677354709418838,-0.04425057713559295,-0.9990211029598555,-1.0413165697733453
8.697394789579159,0.007939001524692027,-1.0008355173120653,-0.08270960269457509,8.697394789579159,-0.06499712672692758,-0.9978884302984473,-1.0285155166873658
8.71743486973948,0.0007486946478133883,-0.998587028722093,0.013305440995247747,8.71743486973948,-0.08544686474198435,-0.9963516372388549,-1.0117061726256884
8.737474949899799,0.00847228573291705,-1.0012434014419629,-0.1838523533133168,8.737474949899799,-0.1055202277856764,-0.9944379045763805,-0.9909685811768975
8.75751503006012,-0.006620137148313318,-0.9919632328161918,-0.4180947902057367,8.75751503006012,-0.12513944468997268,-0.9921802723532878,-0.9663992451402286
8.77755511022044,-0.008285020487753963,-0.9975450983549264,0.1628323897111057,8.77755511022044,-0.14422881476157215,-0.9896170420474444,-0.9381104203237458
8.797595190380761,-9.378886329898214e-05,-0.9963255941510176,0.25803442060708576,8.797595190380761,-0.16271506072386266,-0.9867910866039484,-0.9062292865675763
8.817635270541082,0.0020570404584219445,-0.9966855843114116,0.0005154498589097012,8.817635270541082,-0.18052757365708944,-0.9837491045871694,-0.8708970884853083
8.837675350701403,-7.312955031662912e-05,-0.994132626631537,-0.3081138754793318,8.837675350701403,-0.19759873024000413,-0.9805408104612026,-0.8322681437255469
8.857715430861724,-0.010292213067803929,-0.999094891194097,-0.009272698084139481,8.857715430861724,-0.21386410124933997,-0.9772181049523812,-0.7905088964179665
8.877755511022043,-0.00044478077613560954,-1.0064841597394436,0.09300892487988094,8.877755511022043,-0.2292627259130246,-0.9738342122812544,-0.7457968355327694
8.897795591182364,-0.006564400447369357,-0.9980015593570116,0.0925557962957952,8.897795591182364,-0.2437372839707553,-0.9704428312320642,-0.6983195223273749
8.917835671342685,0.003264870378004524,-1.0032567809834716,0.20643656312019426,8.917835671342685,-0.2572343228422301,-0.9670972830964955,-0.6482734921234755
8.937875751503006,0.0017096100985303135,-1.002643075797297,-0.2027407019438408,8.937875751503006,-0.26970439529040985,-0.9638497013254397,-0.5958633054432492
8.957915831663327,-0.004861009459424063,-0.9970681668472432,-0.11170178521866683,8.957915831663327,-0.28110223812225776,-0.9607502448343586,-0.541300498183668
8.977955911823647,-0.002767415361135746,-0.9938085650248353,-0.01666061985832451,8.977955911823647,-0.2913868791078688,-0.9578463729138691,-0.48480268847762387
8.997995991983968,-0.0055287697743869775,-0.999893615041171,0.05460618691702092,8.997995991983968,-0.3005217681665165,-0.9551821660548394,-0.4265926263158744
9.018036072144287,-0.0005787906350033969,-0.9984557997197129,0.24970935658741303,9.018036072144287,-0.30847485811047937,-0.9527977198193025,-0.3668973677507362
9.038076152304608,0.0044796212712004055,-0.991488881442082,-0.11663046559685702,9.038076152304608,-0.31521869126512014,-0.9507286020222139,-0.305947455395787
9.05811623246493,-0.00525335839439652,-0.9987961813783678,-0.057650639104072816,9.05811623246493,-0.3207304577814294,-0.9490053872698138,-0.2439761559436356
9.07815631262525,0.0021689744133217078,-0.9869915227379498,0.05554944483800485,9.07815631262525,-0.32499204303838114,-0.9476532671125699,-0.18121877549313653
9.098196392785571,-0.0030269277395666397,-0.9971723812192707,-0.16295294277448555,9.098196392785571,-0.3279900646844094,-0.9466917376872062,-0.11791195149970962
9.118236472945892,-0.004362205657800037,-1.008803734656852,0.05174464802697123,9.118236472945892,-0.32971588831865645,-0.946134369754766,-0.05429307327481166
9.138276553106213,-0.0009529939509104532,-0.9962332045984469,-0.03117840546707408,9.138276553106213,-0.33016564145370336,-0.9459886555920216,0.009400374717777923
9.158316633266534,-0.0056118411474623394,-0.9980941131890416,-0.05654799289242779,9.158316633266534,-0.32934020530258407,-0.9462559394648977,0.07293134943400198
9.178356713426853,-0.003219446571849995,-0.9935511344388477,-0.021010577559533367,9.178356713426853,-0.3272452032611724,-0.9469314253666818,0.13606384864969825
9.198396793587174,-0.0064539484644781766,-0.9966339853361191,0.31355543847889783,9.198396793587174,-0.32389097234765646,-0.9480042658375625,0.19856348124007417
9.218436873747494,0.009347905671793357,-1.0006921667651651,0.15333176202216084,9.218436873747494,-0.31929252648591433,-0.9494577280188654,0.2601980211867856
9.238476953907815,-0.0003083868603834793,-1.0061213737121646,-0.3327849889698702,9.238476953907815,-0.31346950597459633,-0.9512694374089328,0.32073804449251536
9.258517034068136,-0.003990170038422044,-1.0010449954794187,0.022006290568735622,9.258517034068136,-0.306446116254027,-0.9534116965103362,0.3799575048546503
9.278557114228457,0.0005736287936740713,-1.0042524791287153,0.0730934284376152,9.278557114228457,-0.29825105357805126,-0.9558518767724251,0.4376344131868323
9.298597194388778,-0.0010605737082570702,-1.0029024927817276,-0.054342562411986636,9.298597194388778,-0.28891741514473984,-0.9585528814744052,0.49355151895287463
9.318637274549097,-0.0016044298200328343,-0.997056983186901,0.09064670202333461,9.318637274549097,-0.27848260140776104,-0.9614736734078028,0.5474970081316846
9.338677354709418,0.002572560641375881,-0.9916503533403246,0.12217763114472069,9.338677354709418,-0.2669881921276199,-0.9645698678190335,0.5992653157611205
9.358717434869739,0.003292469223843806,-0.9980265198040686,-0.1425918973853491,9.358717434869739,-0.2544798233821729,-0.967794376929223,0.6486578570960241
9.37875751503006,-0.003142545466253412,-1.0059792952407107,-0.16603770492195696,9.37875751503006,-0.24100702693172474,-0.9710981094274812,0.6954839393074957
9.39879759519038,-0.00336234860869964,-0.9977768698900416,0.03224752882019946,9.39879759519038,-0.22662307741084567,-0.9744307043424392,0.7395615431523506
9.418837675350701,-0.0018500593411953014,-0.9940167298488477,-0.21486965690781545,9.418837675350701,-0.2113847953516819,-0.9777413027517571,0.780718279632481
9.438877755511022,-0.011974358905606174,-1.0030488065238852,-0.15416844660791487,9.438877755511022,-0.19535235888059155,-0.980979333289775,0.8187922170638785
9.458917835671341,-0.008029155397625803,-1.000669983138207,0.4582940594049768,9.458917835671341,-0.1785890733434398,-0.9840953110262134,0.8536328227570602
9.478957915831662,0.006394140469343133,-0.999926462124747,0.3949100107850665,9.478957915831662,-0.16116114353647107,-0.9870416265946976,0.8851017997639019
9.498997995991983,0.007798901146866031,-1.0039244008540695,-0.20084088248225143,9.498997995991983,-0.14313741305816874,-0.9897733190182069,0.9130739589507504
9.519038076152304,-0.0016555942994846762,-0.9967585136109144,-0.13248135012435575,9.519038076152304,-0.12458909812002966,-0.9922488125487182,0.9374380024950216
9.539078156312625,0.0024890273943867784,-1.0006046632205867,0.07075266773321076,9.539078156312625,-0.10558949874202124,-0.9944306062604593,0.9580972783338798
9.559118236472946,0.0011801839663755087,-0.9979022670673443,0.31307097349074803,9.559118236472946,-0.08621370035982856,-0.996285900304359,0.9749704370131218
9.579158316633267,0.015036962203635349,-1.0044373970066771,0.10178872581560192,9.579158316633267,-0.06653825928113391,-0.9977871466278566,0.9879920232389643
9.599198396793588,0.0052598924158986805,-1.0021872343856537,-0.3990587216645727,9.599198396793588,-0.046640882021816835,-0.9989125112245996,0.9971129395430706
9.619238476953907,-0.0009573753380306909,-0.996388042716452,-0.2578470695278351,9.619238476953907,-0.02660008900074775,-0.9996462384924114,1.0023008334028911
9.639278557114228,-0.005074659468983969,-1.0018641216686504,-0.1833936555504101,9.639278557114228,-0.0064948833662513165,-0.999978908319173,1.003540320527038
9.659318637274549,-0.008307822454279681,-0.991365142768674,0.14566285722981387,9.659318637274549,0.013595600443520567,-0.9999075812478628,1.0008331340165988
9.67935871743487,0.000763531201549724,-1.001998148724158,0.10714588073233736,9.67935871743487,0.033592426917503346,-0.9994358274833166,0.9941980860786608
9.69939879759519,-0.004013398376831238,-0.9988765495416188,-0.20169729926314234,9.69939879759519,0.05341721634311586,-0.9985736397120556,0.9836709604354807
9.719438877755511,-0.007320528889157482,-0.9953370239456895,0.01481546064771426,9.719438877755511,0.07299246417242858,-0.9973372326485053,0.9693042169934377
9.739478957915832,-0.0034195923388466915,-1.0070918112310077,0.043628823149896606,9.739478957915832,0.09224189209296008,-0.9957487323039256,0.9511666303247731
9.759519038076151,-0.00557187866270824,-1.0088040305891566,0.2922572972819744,9.759519038076151,0.11109074710659106,-0.9938357663471722,0.929342763553018
9.779559118236472,0.008294126991093206,-1.0076282715502347,0.24603035031738746,9.779559118236472,0.12946613786312153,-0.9916309591699719,0.9039323775671783
9.799599198396793,0.004289057221756307,-0.993687072385508,-0.21035079190444048,9.799599198396793,0.14729730352279902,-0.9891713520878244,0.8750497204879673
9.819639278557114,-0.00013676647201072277,-1.0027592860343408,0.07574111138672635,9.819639278557114,0.16451592785521224,-0.9864977497497381,0.8428227475185731
9.839679358717435,0.007324773108999885,-0.9872090007630885,0.011732890160131603,9.839679358717435,0.1810563721010525,-0.9836540220302978,0.8073922860983376
9.859719438877756,0.0003334896466318322,-1.0028212365700748,-0.2910014177065285,9.859719438877756,0.1968559585421245,-0.9806863574511533,0.7689111195453886
9.879759519038076,-0.004338610366211819,-0.9990772429659374,0.1814015141009472,9.879759519038076,0.2118551663395821,-0.9776425041409047,0.7275430879803678
9.899799599198396,0.007604091414203159,-0.992289450170702,0.17569104038116135,9.899799599198396,0.22599787699185941,-0.9745709890706684,0.6834620991249362
9.919839679358716,0.002703114699163669,-0.9899695355225292,-0.3184191835151273,9.919839679358716,0.2392315352148801,-0.9715203541257512,0.6368512157046325
9.939879759519037,-0.005158200510250997,-0.9896924817239703,-0.09001952825592816,9.939879759519037,0.2515073512280735,-0.9685383964535624,0.5879016583897868
9.959919839679358,-0.0009048824253224732,-0.993958167751401,0.021081829470831717,9.959919839679358,0.26278043006206125,-0.9656714490834228,0.5368119168847919
9.97995991983968,-0.0043132374052076315,-0.994879685267931,-0.14787878472431354,9.97995991983968,0.2730099287822372,-0.9629636892292648,0.4837868021593168
10.0,-0.0068318878250946315,-0.9970373618828999,-0.12568065595235978,10.0,0.2821591576545797,-0.9604565031594264,0.4290366053397851
